REG NO,NAMES
25/CO/IS/001,"ALARIBE, IKECHI GOD'SPOWER"
25/CO/IS/002,"George, Goodnews Uwem"
25/CO/IS/003," EFFIONG, DEBORAH ISRAEL "
25/CO/IS/004,Sunday Ofofon Solomon
25/CO/IS/005,"LEROY, ABIA BASSEY"
25/CO/IS/006,"Akpan, God'Swill Aniedi"
25/CO/IS/007,"ELIJAH, DANIEL MATHIAS "
25/CO/IS/008,UDUAKOBONG IMEH UMOH
25/CO/IS/009," INNOCENT, EMMANUEL CHINONSO"
25/CO/IS/010, AKPAN GODS'WILL SUNDAY
25/CO/IS/011,"EFFIONG, DIVINE UKEME"
25/CO/IS/012,DAVID EBUBE OKAFOR
25/CO/IS/013,"Ogwuche, Chris Peter"
25/CO/IS/014,EDIDIONG UMOH
25/CO/IS/015,"Archibong, Godswill Ephraim"
25/CO/IS/016, ANDREW F CHUKWUMA
25/CO/IS/017,Asuquo Wisdom Anselem
25/CO/IS/018,"Etim, Daniel Eyibio"
25/CO/IS/019,"Moses, Uwakmfon Udeme"
25/CO/IS/020,"TOMMY, CLEMENT PAUL "
25/CO/IS/021,"AMAH, EMMANUEL IFEANYI "
25/CO/IS/022,"Benjamin, Ephraim William"
25/CO/IS/023,"Peter, Emmanuel nsikak"
25/CO/IS/024,ESSIEN MIRACLE JOSEPH
25/CO/IS/025,"Charles, Joshua Aniekan"
25/CO/IS/026,"BARIDULA, VURASI BRIGHT "
25/CO/IS/027,"Umoren, Liberty Philip"
25/CO/IS/028,"Ette, Ekemini Darlington"
25/CO/IS/029,"OYET, JETHRO WISDOM "
25/CO/IS/030," JOHN, GOD'SWILL IBORO"
25/CO/IS/031,"James ,James Etim"
25/CO/IS/032,"Tabise, Destiny Udeme"
25/CO/IS/033,"EFFIONG, ABRAHAM"
25/CO/IS/034,EMMANUEL OLUSOLA IYAOMOLERE
25/CO/IS/035,"OKON, ELIZABETH ITA"
25/CO/IS/036,"Afangideh, Amenam Umanah"
25/CO/IS/037, OKON GOD'SWILL RICHARD
25/CO/IS/038,UKEME ETEHE INYANG
25/CO/IS/039,LUCKY PRINCE UDOH
25/CO/IS/040,"RAYMOND, PROSPER ISAAC"
25/CO/IS/041,"EBONG, DAVIDBEST JOHNSON"
25/CO/IS/042,"Emmanson, Mfoniso Odudu"
25/CO/IS/043,ANTHONY JAMES ANTHONY
25/CO/IS/044,"Wilson, Jessica Simeon"
25/CO/IS/045,GOD'SWILL INYENE MATTHEW
25/CO/IS/046,"FRIDAY, ISUHO SYLVANUS"
25/CO/IS/047,EKEMINI U TOM
25/CO/IS/048,"EDEH, CHUKWUEMEKA SOLOMON"
25/CO/IS/049,"Effiong, Gideon Aniedi"
25/CO/IS/050,"Ating, Shalom Henry"
25/CO/IS/051,"Ita ,Joel Matthew"
25/CO/IS/052,"Eyibio, Victor Eyibio"
25/CO/IS/053,"Niyi-Bankole, Ademakinwa Uwemedimo "
25/CO/IS/054,"Kalu, Godswill Oluebube"
25/CO/IS/055,"INYANG, PROSPER CAPTAIN"
25/CO/IS/056,"ABATAI, SAMUEL EFFIONG"
25/CO/IS/057,"Samuel, Kingsley Aniefiok"
25/CO/IS/058,"Udofia ,Saviour Aniefiok"
25/CO/IS/059,"Robson, Joseph Udo"
25/CO/IS/060,GOD'SPOWER MATTHEW
25/CO/IS/061,EDET SAMUEL ABIA
25/CO/IS/062,"Udoh, Edidiong Johnny"
25/CO/IS/063,"Matthew, Divine Daniel"
25/CO/IS/064,"Uyah, Bright Edet"
25/CO/IS/065,"Amayak, Nsisong Ime"
25/CO/IS/066,"Imaji, Achema Alilu"
25/CO/IS/067,"SAYWON, ABRAHAM MACKLEEN"
25/CO/IS/068, OKON PROMISE ITORO-OBONG
25/CO/IS/069,"Inyang, John Essien"
25/CO/IS/070,HEZEKIAH EDET OKON
25/CO/IS/071,"Davies, Godswill Abraham"
25/CO/IS/072,FREKE OKON ESHIET
25/CO/IS/073,"OLAGBEGHI, AYODELE GODGIFT"
25/CO/IS/074,"Okon ,Saviour Sunday"
25/CO/IS/075,"Moses, Ekemini "
25/CO/IS/076,"Effiong, David Victor"
25/CO/IS/077,"Amu, Daniel Lawrence"
25/CO/IS/078,"Okon, David Emmanuel "
25/CO/IS/079,"Nzeribe, Samuel Ekenedilichukwu"
25/CO/IS/080,ASSAM JIMJIM PRINCE
25/CO/IS/081,"George, Favour Kenneth"
25/CO/IS/082,"Paulinus, Michael George"
25/CO/IS/083,"Sunday, Emmanuel Innocent"
25/CO/IS/084,"Wiseman, Favour Goodnews "
25/CO/IS/085,"Sunday, Emem Oto"
25/CO/IS/086,"ASUQUO, ESTHER ANIEFIOK"
25/CO/IS/087,"Ataide, Mfonido Harrison"
25/CO/IS/088,EKEMINI EDET NSEUWEM
25/CO/IS/089,"Udo, Mfoniso Emmanuel "
25/CO/IS/090,"Udo, Imo Gideon "
25/CO/IS/091,"Agbiji, Marvelous Okpata"
25/CO/IS/092,"Nyong, Shadrach Ekpono"
25/CO/IS/093,"PETER, ENOBONG COLUMBUS"
25/CO/IS/094,"Anietie, Johnson Ulu"
25/CO/IS/095,"Akpan, Daniel Sunday"
25/CO/IS/096,"Nyanga, Esther Nyanga"
25/CO/IS/097,"Isat, Daniel Gabriel"
25/CO/IS/098,"Ibiok, Havilah Victor"
25/CO/IS/099,"Nduka, Chinecherem Stephen"
25/CO/IS/100,"Umoh, Vincent Eno "
25/CO/IS/101,"Eyop, Prince Udeme"
25/CO/IS/102,"Nsini, Treasure Prince"
25/CO/IS/103,"Dennis, Bright Joseph"